Method,Name,Error,Occurrences
grpc,GetTermByName,"<_InactiveRpcError of RPC that terminated with:
	status = StatusCode.NOT_FOUND
	details = ""Term 'loadtest-30-1771963291-9738' not found""
	debug_error_string = ""UNKNOWN:Error received from peer ipv6:%5B::1%5D:50051 {grpc_message:""Term \'loadtest-30-1771963291-9738\' not found"", grpc_status:5}""
>",1
grpc,GetTermByName,"<_InactiveRpcError of RPC that terminated with:
	status = StatusCode.NOT_FOUND
	details = ""Term 'loadtest-45-1771963294-8968' not found""
	debug_error_string = ""UNKNOWN:Error received from peer ipv6:%5B::1%5D:50051 {grpc_message:""Term \'loadtest-45-1771963294-8968\' not found"", grpc_status:5}""
>",1
